{"cameraMode":{"drawMode":0,"name":"Shaded","section":"Shading Mode"},"sceneLighting":true,"audioPlay":false,"sceneViewState":{"m_AlwaysRefresh":false,"showFog":true,"showSkybox":true,"showFlares":true,"showImageEffects":true,"showParticleSystems":true,"showVisualEffectGraphs":true,"m_FxEnabled":true},"in2DMode":false,"pivot":{"x":-3.607748031616211,"y":0.4771909713745117,"z":35.10309600830078},"rotation":{"x":0.13229069113731385,"y":0.18823617696762086,"z":-0.025764895603060724,"w":0.9730272889137268},"size":12.12435531616211,"orthographic":false}