{"cameraMode":{"drawMode":0,"name":"Shaded","section":"Shading Mode"},"sceneLighting":true,"audioPlay":false,"sceneViewState":{"m_AlwaysRefresh":false,"showFog":true,"showSkybox":true,"showFlares":true,"showImageEffects":true,"showParticleSystems":true,"showVisualEffectGraphs":true,"m_FxEnabled":true},"in2DMode":false,"pivot":{"x":-2.0500001907348635,"y":0.8418049812316895,"z":42.61000061035156},"rotation":{"x":-0.06437452882528305,"y":-0.43536508083343508,"z":0.0311232041567564,"w":-0.8974736332893372},"size":0.8956475853919983,"orthographic":false}