{"cameraMode":{"drawMode":0,"name":"Shaded","section":"Shading Mode"},"sceneLighting":true,"audioPlay":false,"sceneViewState":{"m_AlwaysRefresh":false,"showFog":true,"showSkybox":true,"showFlares":true,"showImageEffects":true,"showParticleSystems":true,"showVisualEffectGraphs":true,"m_FxEnabled":true},"in2DMode":false,"pivot":{"x":-14.793554306030274,"y":0.6473433375358582,"z":33.666290283203128},"rotation":{"x":0.022026091814041139,"y":0.033825986087322238,"z":0.0008019748493097723,"w":-0.9993442893028259},"size":0.4145616292953491,"orthographic":false}