{"cameraMode":{"drawMode":0,"name":"Shaded","section":"Shading Mode"},"sceneLighting":false,"audioPlay":false,"sceneViewState":{"m_AlwaysRefresh":false,"showFog":true,"showSkybox":false,"showFlares":true,"showImageEffects":true,"showParticleSystems":true,"showVisualEffectGraphs":true,"m_FxEnabled":true},"in2DMode":false,"pivot":{"x":-0.00000286102294921875,"y":3.0680150985717775,"z":4.76837158203125e-7},"rotation":{"x":-0.031375814229249957,"y":0.7329785227775574,"z":-0.033323273062705997,"w":-0.6791574358940125},"size":7.332217216491699,"orthographic":false}