{"cameraMode":{"drawMode":0,"name":"Shaded","section":"Shading Mode"},"sceneLighting":true,"audioPlay":false,"sceneViewState":{"m_AlwaysRefresh":false,"showFog":true,"showSkybox":true,"showFlares":true,"showImageEffects":true,"showParticleSystems":true,"showVisualEffectGraphs":true,"m_FxEnabled":true},"in2DMode":false,"pivot":{"x":-2.904049873352051,"y":4.367245197296143,"z":1.7347509860992432},"rotation":{"x":0.03972463309764862,"y":0.9599472284317017,"z":-0.18747511506080628,"w":0.2058754712343216},"size":0.1275867372751236,"orthographic":false}