{"cameraMode":{"drawMode":0,"name":"Shaded","section":"Shading Mode"},"sceneLighting":true,"audioPlay":false,"sceneViewState":{"m_AlwaysRefresh":false,"showFog":true,"showSkybox":true,"showFlares":true,"showImageEffects":true,"showParticleSystems":true,"showVisualEffectGraphs":true,"m_FxEnabled":true},"in2DMode":false,"pivot":{"x":-6.006781578063965,"y":-1.34796941280365,"z":15.737504959106446},"rotation":{"x":-0.1992628127336502,"y":-0.03388294577598572,"z":0.0076155406422913078,"w":-0.9794943928718567},"size":3.3806653022766115,"orthographic":false}