{"cameraMode":{"drawMode":0,"name":"Shaded","section":"Shading Mode"},"sceneLighting":true,"audioPlay":false,"sceneViewState":{"m_AlwaysRefresh":false,"showFog":true,"showSkybox":true,"showFlares":true,"showImageEffects":true,"showParticleSystems":true,"showVisualEffectGraphs":true,"m_FxEnabled":true},"in2DMode":false,"pivot":{"x":-2.7355685234069826,"y":2.3486766815185549,"z":24.3531551361084},"rotation":{"x":-0.050957269966602328,"y":0.9480898380279541,"z":-0.1908368468284607,"w":-0.25042590498924258},"size":0.010896306484937668,"orthographic":false}