{"cameraMode":{"drawMode":0,"name":"Shaded","section":"Shading Mode"},"sceneLighting":true,"audioPlay":false,"sceneViewState":{"m_AlwaysRefresh":false,"showFog":true,"showSkybox":true,"showFlares":true,"showImageEffects":true,"showParticleSystems":true,"showVisualEffectGraphs":true,"m_FxEnabled":true},"in2DMode":false,"pivot":{"x":-8.861222267150879,"y":0.6115870475769043,"z":33.07632064819336},"rotation":{"x":0.3611828684806824,"y":-0.11563415080308914,"z":0.043962933123111728,"w":0.9244591593742371},"size":11.480855941772461,"orthographic":false}