{"cameraMode":{"drawMode":0,"name":"Shaded","section":"Shading Mode"},"sceneLighting":false,"audioPlay":false,"sceneViewState":{"m_AlwaysRefresh":false,"showFog":true,"showSkybox":false,"showFlares":true,"showImageEffects":true,"showParticleSystems":true,"showVisualEffectGraphs":true,"m_FxEnabled":true},"in2DMode":false,"pivot":{"x":-4.76837158203125e-7,"y":0.00009071826934814453,"z":-5.000000476837158},"rotation":{"x":0.1333325356245041,"y":-0.8240246176719666,"z":0.5069800615310669,"w":0.21548104286193849},"size":14.231451988220215,"orthographic":false}