{"cameraMode":{"drawMode":0,"name":"Shaded","section":"Shading Mode"},"sceneLighting":false,"audioPlay":false,"sceneViewState":{"m_AlwaysRefresh":false,"showFog":true,"showSkybox":false,"showFlares":true,"showImageEffects":true,"showParticleSystems":true,"showVisualEffectGraphs":true,"m_FxEnabled":true},"in2DMode":false,"pivot":{"x":-1.0107345581054688,"y":5.333600997924805,"z":0.9743194580078125},"rotation":{"x":-0.014465292915701867,"y":0.9855263829231262,"z":-0.10159675031900406,"w":-0.13716377317905427},"size":20.850460052490236,"orthographic":false}